Organization Id,Name,Website,Country,Description,Founded,Industry
Dfef38C51D8DAe3,"Poole, Cruz and Whitney",https://reed.info/,Reunion,Balanced analyzing groupware,1978,Marketing / Advertising / Sales
055ffEfB2Dd95B0,Riley Ltd,http://wiley.com/,Brazil,Optional exuding superstructure,1986,Textiles
cBfe4dbAE1699da,"Erickson, Andrews and Bailey",https://www.hobbs-grant.com/,Eritrea,Vision-oriented secondary project,2014,Consumer Electronics
fdFbecbadcdCdf1,"Wilkinson, Charles and Arroyo",http://hunter-mcfarland.com/,United States Virgin Islands,Assimilated 24/7 archive,1996,Building Materials
5DCb8A5a5ca03c0,Floyd Ltd,http://www.whitney.com/,Falkland Islands (Malvinas),Function-based fault-tolerant concept,2017,Public Relations / PR
ce57DCbcFD6d618,Newman-Galloway,https://www.scott.com/,Luxembourg,Enhanced foreground collaboration,1987,Information Technology / IT
5aaD187dc929371,Frazier-Butler,https://www.daugherty-farley.info/,Northern Mariana Islands,Persistent interactive circuit,1972,Outsourcing / Offshoring
902D7Ac8b6d476b,Newton Inc,https://www.richmond-manning.info/,Netherlands Antilles,Fundamental stable info-mediaries,1976,Military Industry
32BB9Ff4d939788,Duffy-Levy,https://www.potter.com/,Guernsey,Diverse exuding installation,1982,Wireless
adcB0afbE58bAe3,Wagner LLC,https://decker-esparza.com/,Uruguay,Reactive attitude-oriented toolset,1987,International Affairs
dfcA1c84AdB61Ac,Mccall-Holmes,http://www.dean.com/,Benin,Object-based value-added database,2009,Legal Services
208044AC2fe52F3,Massey LLC,https://frazier.biz/,Suriname,Configurable zero administration Graphical User Interface,1986,Accounting
f3C365f0c1A0623,Hicks LLC,http://alvarez.biz/,Pakistan,Quality-focused client-server Graphical User Interface,1970,Computer Software / Engineering
ec5Bdd3CBAfaB93,"Cole, Russell and Avery",http://www.blankenship.com/,Mongolia,De-engineered fault-tolerant challenge,2000,Law Enforcement
DDB19Be7eeB56B4,Cummings-Rojas,https://simon-pearson.com/,Svalbard & Jan Mayen Islands,User-centric modular customer loyalty,2012,Financial Services
dd6CA3d0bc3cAfc,"Beasley, Greene and Mahoney",http://www.petersen-lawrence.com/,Togo,Extended content-based methodology,1976,Religious Institutions
A0B9d56e61070e3,"Beasley, Sims and Allison",http://burke.info/,Latvia,Secured zero tolerance hub,1972,Facilities Services
cBa7EFe5D05Adaf,Crawford-Rivera,https://black-ramirez.org/,Cuba,Persevering exuding budgetary management,1999,Online Publishing
Ea3f6D52Ec73563,Montes-Hensley,https://krueger.org/,Liechtenstein,Multi-tiered secondary productivity,2009,Printing
bC0CEd48A8000E0,Velazquez-Odom,https://stokes.com/,Djibouti,Streamlined 6thgeneration function,2002,Alternative Dispute Resolution
c89b9b59BC4baa1,Eaton-Morales,https://www.reeves-graham.com/,Micronesia,Customer-focused explicit frame,1990,Capital Markets / Hedge Fund / Private Equity
FEC51bce8421a7b,"Roberson, Pennington and Palmer",http://www.keith-fisher.com/,Cameroon,Adaptive bi-directional hierarchy,1993,Telecommunications
e0E8e27eAc9CAd5,"George, Russo and Guerra",https://drake.com/,Sweden,Centralized non-volatile capability,1989,Military Industry
B97a6CF9bf5983C,Davila Inc,https://mcconnell.info/,Cocos (Keeling) Islands,Profit-focused dedicated frame,2017,Consumer Electronics
a0a6f9b3DbcBEb5,Mays-Preston,http://www.browning-key.com/,Mali,User-centric heuristic focus group,2006,Military Industry
8cC1bDa330a5871,Pineda-Morton,https://www.carr.com/,United States Virgin Islands,Grass-roots methodical info-mediaries,1991,Printing
ED889CB2FE9cbd3,Huang and Sons,https://www.bolton.com/,Eritrea,Re-contextualized dynamic hierarchy,1981,Semiconductors
F4Dc1417BC6cb8f,Gilbert-Simon,https://www.bradford.biz/,Burundi,Grass-roots radical parallelism,1973,Newspapers / Journalism
7ABc3c7ecA03B34,Sampson-Griffith,http://hendricks.org/,Benin,Multi-layered composite paradigm,1972,Textiles
4e0719FBE38e0aB,Miles-Dominguez,http://www.turner.com/,Gibraltar,Organized empowering forecast,1996,Civic / Social Organization