User Id,First Name,Last Name,Email,Phone,Job Title,Organization ID
88F7B33d2bcf9f5,Shelby,Terrell,elijah57@example.net,001-084-906-7849x73518,Games developer,
f90cD3E76f1A9b9,Phillip,Summers,bethany14@example.com,214.112.6044x4913,Phytotherapist,
DbeAb8CcdfeFC2c,Kristine,Travis,bthompson@example.com,277.609.7938,Homeopath,
A31Bee3c201ef58,Yesenia,Martinez,kaitlinkaiser@example.com,584.094.6111,Market researcher,
1bA7A3dc874da3c,Lori,Todd,buchananmanuel@example.net,689-207-3558x7233,Veterinary surgeon,
bfDD7CDEF5D865B,Erin,Day,tconner@example.org,001-171-649-9856x5553,Waste management officer,
bE9EEf34cB72AF7,Katherine,Buck,conniecowan@example.com,+1-773-151-6685x49162,Intelligence analyst,
2EFC6A4e77FaEaC,Ricardo,Hinton,wyattbishop@example.com,001-447-699-7998x88612,Hydrogeologist,
baDcC4DeefD8dEB,Dave,Farrell,nmccann@example.net,603-428-2429x27392,Lawyer,
8e4FB470FE19bF0,Isaiah,Downs,virginiaterrell@example.org,+1-511-372-1544x8206,"Engineer, site",
BF0BbA03C29Bb3b,Sheila,Ross,huangcathy@example.com,895.881.4746,Advertising account executive,
F738c69fB34E62E,Stacy,Newton,rayleroy@example.org,710.673.3213x80335,Warden/ranger,
C03fDADdAadAdCe,Mandy,Blake,jefferynoble@example.org,(992)466-1305x4947,"Scientist, clinical (histocompatibility and immunogenetics)",
b759b74BD1dE80d,Bridget,Nash,mercedes44@example.com,(216)627-8359,Social worker,
1F0B7D65A00DAF9,Crystal,Farmer,pmiranda@example.org,-5791,Agricultural consultant,
50Bb061cB30B461,Thomas,Knight,braunpriscilla@example.net,-2005,Sport and exercise psychologist,
D6dbA5308fEC4BC,Maurice,Rangel,sheenabanks@example.com,(246)187-4969,Secretary/administrator,
311D775990f066d,Frank,Meadows,gbrewer@example.org,429.965.3902x4447,Audiological scientist,
7F7E1BAcb0C9AFf,Alvin,Paul,gilbertdonaldson@example.com,219.436.0887x07551,"Teacher, adult education",
88473e15D5c3cD0,Jared,Mitchell,jcortez@example.com,-8587,Paediatric nurse,
b31D271F8c200AB,Jacqueline,Norton,carias@example.net,819.309.7679x59173,"Scientist, marine",
42F4BdA841aBadC,Colleen,Hatfield,fknox@example.org,638.584.1090,Commercial horticulturist,
cBbBcA0FCA3C4Bc,Randy,Barnes,huangbill@example.org,001-960-629-7164x67214,Outdoor activities/education manager,
f1f89173353aD90,Janice,Rhodes,juarezdominique@example.net,001-249-314-9742x6996,Drilling engineer,
c5B09fb33e8bA0A,Alfred,Mcneil,cassandramorris@example.com,(468)276-9509x53058,Systems analyst,
c9F2282C40BEC1E,Sean,Levine,sallymiller@example.net,4915828504,"Conservation officer, nature",
9c1bc7EC53Fb7cE,Louis,Payne,bsullivan@example.net,6232695307,Counsellor,
ddEc50e2A2e3a2B,Brittney,Vega,ayalajose@example.net,945-739-8686,Recycling officer,
66F096D36Ebae11,Judy,Buckley,irosales@example.net,001-654-208-1241x52830,Art gallery manager,
F0fE2faAd78F8b5,Norman,Weber,mconrad@example.com,223.002.0429,Gaffer,
5d2feAfbdCAA6B5,Isaiah,Camacho,jimblake@example.org,001-536-544-3367,Food technologist,
cDa5F303fCd6dEa,Jacqueline,Gallagher,nsampson@example.net,(247)762-8934,Building services engineer,
8Ef7DBfcaB02b6B,Bonnie,Andrews,caitlin24@example.net,+1-253-987-2776x9161,Seismic interpreter,
6Dec5b5542F8ed8,Brandon,Schmidt,mconley@example.net,+1-386-673-1465x006,"Engineer, biomedical",
3Fb8a7f68e12784,Jackson,Sparks,reynoldsdarryl@example.net,(137)908-3129x65035,Set designer,
035eff50B9A0F24,Melody,Cook,jeannovak@example.org,(826)792-7381,Research scientist (life sciences),
aa614aAE4B7Cf0C,Leonard,Hurst,clinton78@example.org,941-038-0427x38800,"Accountant, chartered management",
ACcde95AAe3e6cC,Gene,Rich,luisdeleon@example.org,+1-356-818-6604x89537,"Surveyor, quantity",
b6a35de5CB6fc25,Cynthia,Wiggins,rosariodave@example.org,(110)858-2437x70190,Outdoor activities/education manager,
e92A191E345fA3A,Tanya,Mckinney,vickihouston@example.com,(830)774-9002x086,Information systems manager,
7D0AcBF6CCac3fd,Matthew,Stone,evelyn31@example.org,952-381-6360,"Scientist, clinical (histocompatibility and immunogenetics)",
CEFA7BBCef013AE,Kirk,Walsh,stephenfuller@example.org,001-826-496-5529x8661,Accounting technician,
9edBC94aE7cA22a,Willie,Vang,haleymathews@example.net,741.168.6854x067,Management consultant,
fFe7BAA737aDbe2,Miguel,Hill,tyrone56@example.org,5247842945,Make,
5F2f3fAca8B0946,Darren,Andrews,lhernandez@example.com,(975)799-4261,Retail banker,
6bFcfc3cc1BC6B4,Haley,Pugh,molly03@example.org,(746)182-6137x2453,Commissioning editor,
f3BD2cBF7eEb6df,Danielle,Estrada,jvang@example.org,(890)374-9518x772,"Accountant, chartered management",
Ee4eB129dC7913A,Becky,Brady,erikmueller@example.org,(390)002-0863,Seismic interpreter,
dBCEf340C3657Eb,Caitlyn,Frey,rivasdominique@example.org,805-021-3965x46344,Jewellery designer,
E47FB71DD9ACCd9,Joshua,Sweeney,daisymcgee@example.net,875.994.2100x535,"Education officer, museum",
eA3fDd79BE9f0E7,Heidi,Escobar,staffordtravis@example.net,601-155-3065x1131,Estate manager/land agent,
aF0eE4547Bc025c,Brian,Oconnell,saralong@example.net,952-283-1423x733,Physiotherapist,
9F5DeD7aD228F5a,Beverly,Esparza,iphelps@example.net,+1-327-578-8754x6771,Passenger transport manager,
D3Fa0220dDE4d36,Nathaniel,Rivas,roberto29@example.com,(655)887-2040x37888,Call centre manager,
60FdBFd5e7BE8fF,Debra,Payne,yolanda07@example.org,001-731-525-8400x52593,Special educational needs teacher,
D8bF5Ab2b98caff,Mackenzie,Rocha,abbottyvette@example.net,4225525458,Museum/gallery exhibitions officer,
CD8d33aA25bc8BB,Courtney,Watkins,ochang@example.org,210.683.2761x5883,Pension scheme manager,
Fac3BfFf0A3d03c,Fred,Olsen,amyanderson@example.com,497-774-3053,Archaeologist,
e552D7ddafe1FFb,Ryan,Nelson,qnorman@example.org,956.330.2951,Historic buildings inspector/conservation officer,
0f8deedb629A5f6,Grace,Phelps,clarkeangela@example.net,(034)867-8827x6777,Petroleum engineer,
bB9e49E506F65ed,Shari,Daugherty,kalvarado@example.org,001-951-655-4798x6124,Curator,
Ed724605A403D91,Kelli,Garner,jodyvincent@example.org,995.000.4213x0982,Retail banker,
0aBE5ACb18E0c10,Jackie,Bennett,hutchinsonkirk@example.com,001-740-937-0846x0087,Neurosurgeon,
5D2cb63CaAF53f6,Leslie,Conway,floreschristina@example.org,795.782.4384x555,Chiropractor,
Ee6974f90eeCe18,Harold,Barnett,nathan65@example.org,-6682,"Biochemist, clinical",
cEf02C076afa07f,Larry,Harper,maria32@example.org,+1-244-630-3792x4121,"Scientist, water quality",
9Df5Ba591bF3EFf,Mike,Ward,imccullough@example.com,116-729-5046,Hydrologist,
3faB1CBfEFBDdD4,Brittney,Rubio,corey92@example.com,593.976.2528,"Biochemist, clinical",
Ebcefdf75eCb0a9,Frank,Pineda,daltoncalvin@example.net,(035)961-5060x9182,Hospital pharmacist,
e75e5DBfcb68887,Sandra,Wu,ubanks@example.com,+1-096-606-6454x067,Warehouse manager,
6a53a8D41dDF6de,Ryan,Benton,lopezdebbie@example.org,+1-695-557-9948x485,Physiological scientist,
F0d3bD1aaf9E3Bc,Tamara,Hull,meagan39@example.net,017.665.3744x7944,English as a second language teacher,
5bC87340799FBD0,Jean,Ritter,kristina76@example.com,(954)060-1066,Financial trader,
dBfA17Aaf16b4ab,Veronica,Briggs,weissbridget@example.com,+1-521-589-2387x48490,Structural engineer,
c935b7Eb6FA0B0F,Kim,Andrews,wpetersen@example.org,7677125383,"Biochemist, clinical",
b3e15e65Ca2CcBf,Tina,Cunningham,wongmary@example.org,079-907-5051,Race relations officer,
dade3452F0c32FD,Jonathon,Atkinson,gailfrench@example.net,874-037-2032x932,"Psychologist, forensic",
AdEd6cfD85DeC46,Jermaine,Reid,vpaul@example.com,(742)214-8691,Newspaper journalist,
DAf111987098ae4,Regina,Stevens,xpoole@example.net,891-359-2684,Public house manager,
6e6a5b885F6496d,Terrence,Huff,cassandra80@example.org,221.800.6408x5416,Careers information officer,
12DCb4ED8E01D5C,Tyler,Foley,johnathan72@example.org,001-386-469-3075x8030,Economist,
E1cB5cA8CA7CC0a,Andrew,Waters,nhall@example.net,+1-376-865-2765x3351,Jewellery designer,
AedDfaE8Cf49F07,Reginald,Stephenson,erikaball@example.net,+1-832-500-6044x475,Contracting civil engineer,
bff9853aFAeF772,Douglas,Reese,nixonvanessa@example.net,001-834-660-8312x9864,Higher education lecturer,
E883773cA5219Be,Helen,Williamson,melvin08@example.net,001-377-726-4229,"Lecturer, further education",
CB19EafEbBfF9eC,Mario,Vaughn,oblake@example.com,160-144-5039x12276,Research scientist (life sciences),
5834700fbEd2771,Chelsea,Dickson,johnnyhendricks@example.net,001-698-651-0138x18588,"Teacher, early years/pre",
2b0Ab1Dc9E01D7E,Dustin,Bailey,pbarron@example.net,+1-965-621-1157x345,Travel agency manager,
3f3a3D89ad042Dd,Harry,Medina,olsenmalik@example.net,-6354,Technical sales engineer,
9425E2F38C408ef,Kathy,Haney,teresa37@example.com,(164)105-8456,Charity fundraiser,
F0aeC9c2759F3C6,Alison,Nixon,zmiles@example.net,3506680871,Patent attorney,
d6EA619A7C4aA95,Jamie,Hardy,sheenadouglas@example.com,(900)803-9295x11533,"Conservator, furniture",
2A33E7Cad1bb0F5,Melody,Cox,evan90@example.org,(626)520-5080x3511,Dance movement psychotherapist,
d181FFB7d3E68bb,Xavier,Cole,nicolas90@example.org,8164259975,Financial planner,
feaBf8dAE0C0d6F,Dillon,Guzman,angelanavarro@example.net,971-992-4521,Air broker,
5eFda7caAeB260E,Dennis,Barnes,bmartin@example.org,001-095-524-2112x257,Software engineer,
CCbFce93d3720bE,Steve,Patterson,latasha46@example.net,001-865-478-5157,Barrister,
2fEc528aFAF0b69,Wesley,Bray,regina11@example.org,995-542-3004x76800,Police officer,
Adc7ad9B6e4A1Fe,Summer,Oconnell,alexiscantrell@example.org,001-273-685-6932x092,Broadcast journalist,
b8D0aD3490FC7e1,Mariah,Bernard,pcopeland@example.org,(341)594-6554x44657,IT sales professional,
